child_id,name,wishlist_items,submitted_date
1,Jacob,"Keyboard, Drawing kit",2025-11-01
2,Ava,Story book,2025-11-02
3,Emily,Robot toy,2025-11-03
4,Isla,Magic set,2025-11-04
5,Ethan,Football,2025-11-05
6,Liam,"Football, Puzzle",2025-11-06
7,Chloe,Science kit,2025-11-07
8,Oliver,"Race car, Doll, Science kit",2025-11-08
9,Leo,Art set,2025-11-09
10,Ella,"Story book, Science kit",2025-11-10
11,Noah,Race car,2025-11-11
12,Grace,Keyboard,2025-11-12
13,Oliver,"Keyboard, Robot toy",2025-11-13
14,Lily,"Magic set, Building blocks, Story book",2025-11-14
15,Ava,"Art set, Robot toy",2025-11-15
16,Oliver,Doll,2025-11-16
17,Emily,"Magic set, Lego, Doll",2025-11-17
18,Oliver,"Story book, Doll, Building blocks",2025-11-18
19,Ethan,"Drawing kit, Keyboard, Football",2025-11-19
20,Oliver,Robot toy,2025-11-20
21,Emily,Basketball,2025-11-21
22,Lucas,"Keyboard, Building blocks",2025-11-22
23,Sofia,"Robot toy, Doll, Keyboard",2025-11-23
24,Grace,"Story book, Drawing kit, Football",2025-11-24
25,Ethan,Keyboard,2025-11-25
26,James,"Race car, Robot toy, Art set",2025-11-26
27,Lucas,"Plush toy, Doll",2025-11-27
28,Lily,"Art set, Building blocks, Football",2025-11-28
29,Leo,"Football, Magic set, Plush toy",2025-11-29
30,Noah,Puzzle,2025-11-30
31,Lucas,Story book,2025-12-01
32,Max,"Football, Magic set",2025-12-02
33,Mia,"Race car, Building blocks, Drawing kit",2025-12-03
34,Emily,"Basketball, Race car",2025-12-04
35,Emily,"Science kit, Art set",2025-12-05
36,Jacob,"Plush toy, Art set, Building blocks",2025-12-06
37,Noah,"Story book, Race car, Drawing kit",2025-12-07
38,Jacob,Story book,2025-12-08
39,Ethan,"Football, Plush toy",2025-12-09
40,Chloe,Basketball,2025-12-10
41,Oliver,"Puzzle, Basketball, Art set",2025-12-11
42,Liam,Basketball,2025-12-12
43,Emily,"Art set, Drawing kit",2025-12-13
44,Emily,"Doll, Lego",2025-12-14
45,Grace,"Race car, Art set, Plush toy",2025-12-15
46,Noah,"Building blocks, Art set",2025-12-16
47,Mia,Science kit,2025-12-17
48,Emily,Race car,2025-12-18
49,Sofia,"Magic set, Keyboard, Building blocks",2025-12-19
50,Max,"Puzzle, Science kit",2025-12-20
51,Ethan,Puzzle,2025-12-21
52,Max,Puzzle,2025-12-22
53,Amelia,"Puzzle, Keyboard, Robot toy",2025-12-23
54,Chloe,"Doll, Basketball",2025-12-24
55,Sofia,"Keyboard, Puzzle, Science kit",2025-12-25
56,Lucas,"Basketball, Lego, Race car",2025-12-26
57,Liam,Football,2025-12-27
58,Noah,Plush toy,2025-12-28
59,Isla,"Robot toy, Magic set, Lego",2025-12-29
60,Lucas,"Magic set, Story book",2025-12-30
61,Max,"Story book, Race car, Basketball",2025-12-31
62,Grace,"Lego, Science kit",2026-01-01
63,Max,"Drawing kit, Keyboard",2026-01-02
64,Chloe,"Race car, Lego",2026-01-03
65,Lucas,"Doll, Football",2026-01-04
66,Grace,Keyboard,2026-01-05
67,Lily,Football,2026-01-06
68,Lily,"Keyboard, Lego",2026-01-07
69,Max,"Science kit, Magic set, Building blocks",2026-01-08
70,Max,Basketball,2026-01-09
71,Ethan,"Story book, Race car, Plush toy",2026-01-10
72,Liam,"Science kit, Puzzle, Race car",2026-01-11
73,Grace,"Robot toy, Building blocks, Drawing kit",2026-01-12
74,Ethan,Football,2026-01-13
75,Max,"Basketball, Doll, Race car",2026-01-14
76,Oliver,"Doll, Football",2026-01-15
77,James,Drawing kit,2026-01-16
78,Isla,"Plush toy, Building blocks, Football",2026-01-17
79,Emily,"Race car, Science kit",2026-01-18
80,Grace,"Magic set, Plush toy",2026-01-19
81,Emily,Lego,2026-01-20
82,Mia,"Keyboard, Puzzle",2026-01-21
83,Noah,"Doll, Magic set",2026-01-22
84,Henry,"Science kit, Basketball",2026-01-23
85,Ella,"Doll, Lego",2026-01-24
86,Oliver,Science kit,2026-01-25
87,Ethan,Lego,2026-01-26
88,Ava,"Art set, Drawing kit",2026-01-27
89,Ava,"Science kit, Drawing kit, Race car",2026-01-28
90,Lily,Race car,2026-01-29
91,Henry,Building blocks,2026-01-30
92,Max,Lego,2026-01-31
93,Henry,Football,2026-02-01
94,Ethan,Building blocks,2026-02-02
95,Jacob,"Basketball, Lego",2026-02-03
96,Emily,Magic set,2026-02-04
97,Isla,Drawing kit,2026-02-05
98,Oliver,Science kit,2026-02-06
99,Mia,"Story book, Robot toy, Race car",2026-02-07
100,Henry,Plush toy,2026-02-08
101,Noah,"Story book, Race car",2026-02-09
102,Sofia,Plush toy,2026-02-10
103,Grace,Magic set,2026-02-11
104,Mia,"Puzzle, Lego",2026-02-12
105,Henry,Keyboard,2026-02-13
106,Mia,"Plush toy, Art set",2026-02-14
107,Chloe,"Race car, Drawing kit",2026-02-15
108,Sofia,Magic set,2026-02-16
109,Amelia,Doll,2026-02-17
110,Grace,Drawing kit,2026-02-18
111,Liam,Doll,2026-02-19
112,Chloe,"Football, Robot toy, Building blocks",2026-02-20
113,Jacob,Race car,2026-02-21
114,Lucas,"Football, Doll, Robot toy",2026-02-22
115,James,Building blocks,2026-02-23
116,Lily,"Art set, Lego",2026-02-24
117,Ava,Plush toy,2026-02-25
118,Lily,Lego,2026-02-26
119,Jacob,"Football, Keyboard, Basketball",2026-02-27
120,Lily,"Football, Magic set",2026-02-28
121,Ella,"Story book, Magic set, Keyboard",2026-03-01
122,Noah,"Robot toy, Lego, Art set",2026-03-02
123,Oliver,"Magic set, Puzzle",2026-03-03
124,Grace,"Magic set, Keyboard, Plush toy",2026-03-04
125,Max,Basketball,2026-03-05
126,Henry,"Doll, Keyboard",2026-03-06
127,Mia,"Robot toy, Basketball, Lego",2026-03-07
128,Leo,Doll,2026-03-08
129,Max,Football,2026-03-09
130,Oliver,Art set,2026-03-10
131,Leo,"Robot toy, Magic set",2026-03-11
132,Grace,"Basketball, Building blocks",2026-03-12
133,Amelia,"Doll, Robot toy",2026-03-13
134,Max,"Magic set, Story book, Football",2026-03-14
135,Sofia,Lego,2026-03-15
136,Ella,"Keyboard, Race car, Doll",2026-03-16
137,Grace,"Magic set, Basketball, Art set",2026-03-17
138,Chloe,"Art set, Basketball",2026-03-18
139,Lily,"Doll, Basketball, Robot toy",2026-03-19
140,Henry,"Plush toy, Lego, Keyboard",2026-03-20
141,James,"Puzzle, Football, Race car",2026-03-21
142,Lily,"Race car, Football",2026-03-22
143,James,Plush toy,2026-03-23
144,Ethan,Story book,2026-03-24
145,Lucas,Drawing kit,2026-03-25
146,Mia,"Magic set, Race car",2026-03-26
147,Mia,"Magic set, Football, Story book",2026-03-27
148,Henry,"Story book, Building blocks",2026-03-28
149,Lily,Science kit,2026-03-29
150,Henry,"Race car, Art set, Doll",2026-03-30
